movie_name,total_order
Dunkirk,8170
Muramba,4043
live by night,804
nerve,3392
Raees,3534
assassins creed,149077
doddmane hudga,4
Jindua,4
Ezra,2092
Laali Ki Shaadi Mein Laaddoo Deewana,36
jalsa,104
Nenu Local,3136
Central Intelligence,4
kahaani 2,443689
The Ghazi Attack,163725
moana,171585
byomkesh parbo,16
ice age: collision course,24
kabali,68
Half Girlfriend,6231
nirmala convent,1144
Winner,5451
Kong: Skull Island,42488
arrival,1092
Jagga Jassos,82
mohenjo daro,436
Phillauri,61914
billy lynns long halftime walk,2846
chennai 600028 ii,44
saithan,60
ti saddhya kay karte,126975
kodi,20
The Mummy,3571
Split,7926
haraamkhor,32
A Dog'S Purpose,4032
Andya Cha Funda,10
1971 Beyond Borders,12
jack reacher,284
Finding Dory,8
Irada,2114
Ekk Albela,8
Sargi,16
Chips,410
nikka zaildar,24
Katamarayudu,21502
queen,164
kattappanayile ritwik roshan,28
anna,157
a monster calls,742
Kaatru Veliyidai,3952
suicide squad,508
Duvvada Jagannadham,1276
kaul - a calling,1230
majnu,5616
gautamiputra satakarni,2823
family katta,738
Singam 3,1859
Shentimental,120
kadavul irukkaan kumaru,24
THE JUNGLE BOOK,4
Pirates Of Caribbean: Salazar'S Revenge,10736
C/O Saira Banu,60
kochauvva paulo ayyappa coelho,16
pink,84558
The Boss Baby,88974
Baby Driver,82
ti saddhya kaay karte,1384
Sarkar 3,1320
Tubelight,5406
bridget jones`s baby,164
thodari,8
wolves at the door,2720
nenu local,23318
madaari,12
La La Land,68
office christmas party,3480
wajah tum ho,48282
Commando 2,33887
Fugay,3678
banjo,9968
befikre,540688
within,1368
khaidi no 150,6176
Mona Darling,259
mr. church,416
Logan,191610
raees,163528
yz,168
The Sense Of An Ending,4
Rabb Da Radio,4
jaundya na balasaheb,16359
final cut of director,320
Anaarkali Of Aarah,168
Ghost In The Shell,3530
achamindri,4
inferno,79474
Om Namo Venkatesaya,2078
AWAKE : THE LIFE OF YOGANANDA,8
Love Icon,104
friend request,64
Sairat,16
Begum Jaan,15656
pulimurugan,12
underworld 5 blood wars,288
Trapped,34012
Te3n,16
lock,16
Fu: Friendship Unlimited,850
light out,172
The Conjuring 2,56
train to busan,3086
Kuttram 23,8
Baahubali 2: The Conclusion,85228
saahasam swaasaga saagipo,35048
premam,7458
Take Off,520
bairavaa,4336
rustom,440
the founder,1328
Kanika,238
Deepwater Horizon,8
resident evil 6 : the final chapter,20957
Tujha Tu Majha Mi,950
Mirza Juuliet,238
half ticket,4
The Salesman (Farsi With Eng Subtitle),12
queen of katwe,8
Despicable Me 3,2740
Now You See Me 2,24
Fast And Furious 8,45249
Power Rangers,1022
fantastic beasts and where to find them,352202
tutak tutak tutiya,1172
Ranjan,60
nagpur adhivation ek sahal,12
Meri Pyaari Bindu,2046
beiimaan love,372
Silence,12
Baywatch,1178
storks,2424
kaashmora,136
sully,11490
Kaabil,6613
shatamanam bhavati,12096
intlo deyyam nakem bhayam,1512
miss peregrine's home for peculiar children,2448
Hebbuli,36
kavi udeshichathu?,8
vazandar,25878
Lion,37974
deepwater horizon,33730
kung fu yoga,6250
Indu Sarkar,1352
War For The Planet Of The Apes,12146
independence day,12
ok jaanu,105691
Nagarsevak Ek Nayak,306
ghantaa,112
Resident Evil 6 : The Final Chapter,1028
shivaay,102546
Guest Iin London,82
Jolly Llb 2,240054
m.s. dhoni: the untold story,233400
mirzya,10389
Munna Michael,1087
mungaru male 2,16
Wedding Anniversary,150
Going In Style,492
Mukti Bhawan,268
Warcraft,16
sing,15444
the bye bye man,820
one way ticket,102
zulfiqar,8
allied,5578
Dhanak,12
Radha,520
Hidden Figures,642
raaz reboot,4936
Colossal,112
Poorna,5514
a dil hai mushkil,536
baar baar dekho,11548
Maatr,212
dangal,2403486
pelli choopulu,8
Lipstick Under My Burkha,7495
pete's dragon,8
baghtos kay mujra kar,21168
Life,22832
The Lego Batman Movie,9612
dear zindagi,636299
rock on 2,73493
Manje Bistre,8
RAMAN RAGHAV 2.0,16
irumugan,16
underworld: blood wars,43748
dishoom,108
Rangoon,55867
Jab Harry Met Sejal,6618
ventilator,92692
masterminds,436
Noor,916
Ninnu Kori,520
Dhyanimani,1678
Chi Va Chi Sau Ka,10810
munthirivallikal thalirkkumbol,1580
xxx return of xander cage,104331
Baahubali - The Beginning,9791
prem sankat,8
hyper,4480
dongri ka raja,8
Valerian And The City Of A Thousand Planets,36
collateral beauty,22654
Housefull 3,8
Naam Shabana,123674
Rings,8000
Kung Fu Yoga,126
JUNOONIYAT,4
the crew,2686
Mister,728
la la land,50644
sarvann,4
moh maya money,4
Aby,208
shut in,8
khaidi no.150,17749
Hanuman Da Damdaar,164
31st october,640
kaabil,148835
Guru,8814
Badrinath Ki Dulhania,181637
Machine,1019
jack reacher: never go back,24247
miss peregrine s home peculiar children,4
Manasu Malligey,8
Kirik Party,24
photo copy,168
Cheliyaa,1929
Running Shaadi,3150
devi,8
Cars 3,4155
akira,1226
Wonder Woman,10299
chapekar brothers,51
sathamaanam bhavathi,12
Dwaraka,2080
Mom,9651
the legend of tarzan,4
the girl on the train,2798
robinson crusoe,4
eedu gold ehe,324
naruda donoruda,2512
force 2,161445
Baghtos Kay Mujra Kar,3076
happy bhag jayegi,1088
resident evil:final chapter,1040
the shallows,1434
Raabta,3915
Dangal,1552
Fidaa,208
passengers,36255
The Great Wall,1128
doctor strange,324405
vangaveeti,4
chaar sahibzaade,1104
sultan,116
achcham yenbadhu madamaiyada,36
ishq junoon,312
saansein,208
The Angry Birds Movie,8
ae dil hai mushkil,152036
Yaman,3432
Smurfs: The Lost Village,1604
Rarandoi Veduka Chudham,4
koditta idangalai nirappuga,20
sahasame swasaga sagipo,36
and jara hatke,4
Kavan,1872
Behen Hogi Teri,478
startrek beyond,4
Guardians Of The Galaxy Vol. 2,7034
Jagga Jasoos,11590
don't breathe,12046
double feluda,72
zhala bobhata,1844
parched,2140
the light between oceans,4
inkokkadu,1568
Spider-Man: Homecoming,13345
Jackie,164
mechanic resurrection,8
King Arthur : Legend Of The Sword,892
abhinetri,936
coffee with d,937
wah taj,16
the accountant,14116
days of tafree,1420
kirik party,36
Mubarakan,3426
Bank Chor,310
saat uchakkey,68
John Wick 2,20970
udta punjab,32
ben-hur,24
the magnificent seven,4340
Patriots Day,638
Guardians The Superheroes,1423
Alien : Covenant,740
bhetaludu,12524
Hind Ka Napak Ko Jawab-Msg-Lion Heart-2,180
fantastic beasts,1100
the great wall,11820
motu patlu - king of kings,1034
Before I Fall,104
Transformers: The Last Knight,1815
trolls,2344
Jab We Met,300
Udta Punjab,100
Hindi Medium,20919
tum bin 2,14208
Kittu Unnadu Jagratha,4835
Raajakumara,8
Dobaara: See Your Evil,818
rogue one: a star wars story,81097
andaz apna apna,16
Beauty And The Beast,62173
freaky ali,7997
Sachin: A Billion Dreams,17196
dhruva,100837